Workbook

Sheet 06-2026
A1: PO Number | B1: Program Code | C1: PO, Program | D1: Reviewer | E1: Status | F1: Notes
A2: 77033 | B2: GH001 | C2: =IF(AND(A2<>"",B2<>""),A2&", "&B2,"") | D2: =IFERROR(VLOOKUP(B2,'Program Reviewers'!$A:$B,2,0),"no result")
A3: 77267 | B3: ACFlexMHSA01.1 | C3: =IF(AND(A3<>"",B3<>""),A3&", "&B3,"") | D3: =IFERROR(VLOOKUP(B3,'Program Reviewers'!$A:$B,2,0),"no result")
A4: 77355 | B4: ACFlexBHSM01 | C4: =IF(AND(A4<>"",B4<>""),A4&", "&B4,"") | D4: =IFERROR(VLOOKUP(B4,'Program Reviewers'!$A:$B,2,0),"no result")
A5: 77380 | B5: ACFlexBHSM01 | C5: =IF(AND(A5<>"",B5<>""),A5&", "&B5,"") | D5: =IFERROR(VLOOKUP(B5,'Program Reviewers'!$A:$B,2,0),"no result")
A6: 77388 | B6: ACFlexBHSM01 | C6: =IF(AND(A6<>"",B6<>""),A6&", "&B6,"") | D6: =IFERROR(VLOOKUP(B6,'Program Reviewers'!$A:$B,2,0),"no result")
A7: 77411 | B7: ACFlexMHSA01.1 | C7: =IF(AND(A7<>"",B7<>""),A7&", "&B7,"") | D7: =IFERROR(VLOOKUP(B7,'Program Reviewers'!$A:$B,2,0),"no result")
A8: 77412 | B8: ACFlexBHSM01 | C8: =IF(AND(A8<>"",B8<>""),A8&", "&B8,"") | D8: =IFERROR(VLOOKUP(B8,'Program Reviewers'!$A:$B,2,0),"no result")
A9: 77451 | B9: ACFlexMHSA01.1 | C9: =IF(AND(A9<>"",B9<>""),A9&", "&B9,"") | D9: =IFERROR(VLOOKUP(B9,'Program Reviewers'!$A:$B,2,0),"no result")
A10: 77560 | B10: ACFlexBHSM01 | C10: =IF(AND(A10<>"",B10<>""),A10&", "&B10,"") | D10: =IFERROR(VLOOKUP(B10,'Program Reviewers'!$A:$B,2,0),"no result")
A11: 77599 | B11: ACFlexBHSM01 | C11: =IF(AND(A11<>"",B11<>""),A11&", "&B11,"") | D11: =IFERROR(VLOOKUP(B11,'Program Reviewers'!$A:$B,2,0),"no result")
C12: =IF(AND(A12<>"",B12<>""),A12&", "&B12,"") | D12: =IF(B12="","",IFERROR(VLOOKUP(B12,'Program Reviewers'!$A:$B,2,0),"no result"))
C13: =IF(AND(A13<>"",B13<>""),A13&", "&B13,"") | D13: =IF(B13="","",IFERROR(VLOOKUP(B13,'Program Reviewers'!$A:$B,2,0),"no result"))
C14: =IF(AND(A14<>"",B14<>""),A14&", "&B14,"") | D14: =IF(B14="","",IFERROR(VLOOKUP(B14,'Program Reviewers'!$A:$B,2,0),"no result"))
C15: =IF(AND(A15<>"",B15<>""),A15&", "&B15,"") | D15: =IF(B15="","",IFERROR(VLOOKUP(B15,'Program Reviewers'!$A:$B,2,0),"no result"))
C16: =IF(AND(A16<>"",B16<>""),A16&", "&B16,"") | D16: =IF(B16="","",IFERROR(VLOOKUP(B16,'Program Reviewers'!$A:$B,2,0),"no result"))
C17: =IF(AND(A17<>"",B17<>""),A17&", "&B17,"") | D17: =IF(B17="","",IFERROR(VLOOKUP(B17,'Program Reviewers'!$A:$B,2,0),"no result"))
C18: =IF(AND(A18<>"",B18<>""),A18&", "&B18,"") | D18: =IF(B18="","",IFERROR(VLOOKUP(B18,'Program Reviewers'!$A:$B,2,0),"no result"))
C19: =IF(AND(A19<>"",B19<>""),A19&", "&B19,"") | D19: =IF(B19="","",IFERROR(VLOOKUP(B19,'Program Reviewers'!$A:$B,2,0),"no result"))
C20: =IF(AND(A20<>"",B20<>""),A20&", "&B20,"") | D20: =IF(B20="","",IFERROR(VLOOKUP(B20,'Program Reviewers'!$A:$B,2,0),"no result"))
C21: =IF(AND(A21<>"",B21<>""),A21&", "&B21,"") | D21: =IF(B21="","",IFERROR(VLOOKUP(B21,'Program Reviewers'!$A:$B,2,0),"no result"))
C22: =IF(AND(A22<>"",B22<>""),A22&", "&B22,"") | D22: =IF(B22="","",IFERROR(VLOOKUP(B22,'Program Reviewers'!$A:$B,2,0),"no result"))
C23: =IF(AND(A23<>"",B23<>""),A23&", "&B23,"") | D23: =IF(B23="","",IFERROR(VLOOKUP(B23,'Program Reviewers'!$A:$B,2,0),"no result"))
... C200: =IF(AND(A200<>"",B200<>""),A200&", "&B200,"") | D200: =IF(B200="","",IFERROR(VLOOKUP(B200,'Program Reviewers'!$A:$B,2,0),"no result"))

Sheet Program Reviewers
A1: Program Code | B1: Reviewer Name
A2: ACFlexMHSA01.1 | B2: Kanwar Kular
A3: ACFlexMHSA01.2 | B3: Kanwar Kular
A4: ACFlexBHSM01 | B4: Kanwardeep
A5: ACBFHome01 | B5: Kanwar Kular
A6: GH001 | B6: Kanwardeep
A7: GH001.5 | B7: Kanwardeep
A8: GH001.6 | B8: Kanwardeep

Sheet Sheet2
